original_text,reference_summary
welcome pokémon go video game service accessible via niantic inc niantic mobile device application app . make pokémon go term service term easier read video game service app website located http pokemongo nianticlabs com http www pokemongolive com site collectively called service . please read carefully term trainer guideline privacy policy govern use service . ,hi . 
using service agreeing term trainer guideline privacy policy . parent legal guardian child age 13 parent agreeing term behalf child ren authorized use service pursuant term privacy policy . agree term trainer guideline privacy policy use service . ,playing game agree term . 13 playing parent guardian agrees behalf . 
want use certain feature service create account u account . create account pre existing google account b pre existing pokémon trainer club ptc account c pre existing account facebook pre existing third party account may choose support future notification provided allowing selection pre existing account relevant account creation screen . create account extracting google ptc facebook pre existing third party account certain personal information email address privacy setting applicable account permit u access . important provide u accurate complete date information account agree update information needed keep accurate complete date . might suspend terminate account . agree disclose account password anyone notify u immediately unauthorized use account . responsible activity occur account whether know . registration childrenwe comply child online privacy protection act coppa verification consent process handled ptc . age 13 register create account ptc ptc enable access use service . parent child age 13 must register pokémon company international inc tpci ptc child may use service . tpci requires parent verify parent child consent creation account u child . upon receipt parental verification consent tpci enable parent create account u child . parent consent child access use service verify parent consent consent process niantic bar child registration account prevent child access use service ensure child information accessible service . parent consented child access use service wish rescind consent parent contact u http pokemongo nianticlabs com support delete en submit request . discontinue child access use service ensure child information longer accessible service . parent child age 13 understand agree tpci niantic may provide information submitted tpci niantic collected via service third party use information sole purpose administering providing service e g third party security monitoring service web hosting company . please see privacy policy available athttp www nianticlabs com privacy pokemongo en information collect use disclose information user . ,use google pokemon trainer club facebook sign play . 13 parent guardian . might ban account information inaccurate . 
game play please aware surroundings play safely . agree use app play game risk responsibility maintain health liability hazard personal injury medical life insurance policy deem reasonably necessary injury may incur using service . also agree use app violate applicable law rule regulation including limited law trespass trainer guideline agree encourage enable individual violate applicable law rule regulation trainer guideline . without limiting foregoing agree conjunction use app inflict emotional distress people humiliate people publicly otherwise assault threaten people enter onto private property without permission impersonate person misrepresent affiliation title authority otherwise engage activity may result injury death property damage liability kind . extent permitted applicable law niantic pokémon company tpc tpci disclaim liability related property damage personal injury death may occur use service including claim based violation applicable law rule regulation alleged negligence tort liability . event dispute one user app release niantic tpc tpci officer director agent subsidiary joint venture employee claim demand damage actual consequential every kind nature known unknown suspected unsuspected disclosed undisclosed arising way connected dispute . ,die hurt others fault . 
subject compliance term niantic grant limited nonexclusive nontransferable non sublicensable license download install copy app mobile device run copy app solely personal noncommercial purpose . except expressly permitted term may copy modify create derivative work based app b distribute transfer sublicense lease lend rent app third party c reverse engineer decompile disassemble app make functionality app available multiple user mean . niantic reserve right app expressly granted term . accessed downloaded app apple store agree use app apple branded product device run io apple proprietary operating system software b permitted usage rule set forth apple store term service . accessed downloaded app app store distribution platform like apple store google play amazon appstore app provider acknowledge agree term concluded niantic app provider u app provider niantic solely responsible app . app provider obligation furnish maintenance support service respect app . event failure app conform applicable warranty may notify app provider app provider refund purchase price app applicable maximum extent permitted applicable law app provider warranty obligation whatsoever respect app . claim loss liability damage cost expense attributable failure app conform warranty sole responsibility niantic . app provider responsible addressing claim claim third party relating app possession use app including limited product liability claim ii claim app fails conform applicable legal regulatory requirement iii claim arising consumer protection similar legislation . event third party claim app possession use app infringes third party intellectual property right niantic solely responsible investigation defense settlement discharge intellectual property infringement claim extent required term . app provider subsidiary third party beneficiary term related license app upon acceptance term condition term app provider right deemed accepted right enforce term related license app third party beneficiary thereof . must also comply applicable third party term service using app . agree comply u foreign export law regulation ensure neither app technical data related thereto direct product thereof exported exported directly indirectly violation used purpose prohibited law regulation . using app represent warrant located country subject u government embargo designated u government terrorist supporting country ii listed u government list prohibited restricted party . ,copy modify resell distribute reverse engineer app . 
purpose term content mean text software script graphic photo sound music video audiovisual combination interactive feature work authorship kind information material posted generated provided otherwise made available service b user content mean content account holder including provide made available service . content includes without limitation user content . subject compliance term niantic grant personal noncommercial nonexclusive nontransferable non sublicensable revocable license download view display use content solely connection permitted use service . content ownershipniantic claim ownership right user content nothing term deemed restrict right may use exploit user content . subject foregoing niantic licensors including tpc tpci exclusively right title interest service content including associated intellectual property right . acknowledge service content protected copyright trademark law united state foreign country . agree remove alter obscure copyright trademark service mark proprietary right notice incorporated accompanying service content . right granted youby making user content available service grant niantic nonexclusive perpetual irrevocable transferable sublicensable worldwide royalty free license use copy modify create derivative work based upon publicly display publicly perform distribute user content connection operating providing service content account holder . solely responsible user content . represent warrant user content right necessary grant u license right user content term . also represent warrant neither user content use provision user content made available service use user content niantic service infringe misappropriate violate third party intellectual property right right publicity privacy result violation applicable law regulation . niantic may reject submission niantic belief sole discretion user content inappropriate violates trainer guideline term . niantic reserve right remove user content service time without notice reason . ,grant full ownership user content . hide copyright trademark . 
app permit account holder capture trade virtual item including limited pokémon character creature trading item gameplay . unlike virtual money virtual good see trading item obtained additional charge gameplay . trading item category content niantic grant limited nontransferable non sublicensable revocable license use trading item conjunction personal noncommercial use service . acknowledge acquire ownership right trading item trading item monetary value . trading item may traded account holder trading item trading item never sold transferred exchanged virtual money virtual good real good real money real service compensation consideration u anyone else . also agree obtain trading item account holder mean provided u third party platform exchange broker mechanism unless expressly authorized . may cancel trading item sold transferred exchanged violation term . sale transfer exchange attempt prohibited may result termination account . set forth trading item content provided without warranty . ,trading gon na thing . try bring real money . 
may cancel suspend terminate account access trading item virtual money virtual good content service sole discretion without prior notice including account inactive e used logged one year b fail comply term c suspect fraud misuse trading item virtual money virtual good content suspect unlawful activity associated account e acting protect service system app user reputation niantic tpc tpci . obligation responsibility reimburse refund trading item virtual money virtual good lost due cancellation suspension termination . acknowledge niantic required provide refund reason receive money compensation unused virtual money virtual good account closed whether closure voluntary involuntary . right offer modify eliminate terminate trading item virtual money virtual good content service portion thereof time without notice liability . discontinue use virtual money virtual good provide least 60 day advance notice posting notice site app communication . ,played year mess mess delete virtual good . give back . might even discontinue virtual good entirely give 60 day advance notice happens . 
app permit purchase virtual currency virtual money use virtual money purchase virtual item service expressly make available use app virtual good . purchase virtual money virtual good limited account holder either 18 year age older b age 18 consent parent make purchase . parent child age 18 consult io google play setting app restrict app purchase also monitor child account unexpected activity including purchase virtual money virtual good . purchase virtual money virtual goodsvirtual money category content purchase virtual money grant limited nontransferable non sublicensable revocable license use virtual money access purchase virtual good conjunction personal noncommercial use service . acknowledge acquire ownership right virtual money virtual good content balance virtual good virtual money reflect stored value . agree virtual money virtual good monetary value constitute actual currency property type . virtual money may redeemed virtual good never sold transferred exchanged real money real good real service u anyone else . also agree obtain virtual money virtual good u mean provided u third party platform exchange broker mechanism unless expressly authorized . acquire license virtual money virtual good may trade transfer virtual money virtual good another individual account unless functionality provided u way feature service whether inside app method e g website . may cancel virtual money virtual good sold transferred exchanged violation term . sale transfer exchange attempt prohibited may result termination account . term license virtual money right redeem virtual money selected virtual good . parent accepting term behalf child accept acknowledge child consent exercise right independently . pricing availability virtual money virtual good subject change without notice . reserve right time change update pricing inventory virtual money virtual good . set forth virtual money virtual good content provided without warranty . agree sale u virtual money virtual good final permit exchange refund unused virtual money virtual good transaction made . purchase end user outside u virtual money virtual good may purchased held legal resident country access use service permitted . live european union certain right withdraw online purchase . however please note download virtual money u right withdrawal end . agree purchase virtual money involves immediate download content b lose right withdrawal purchase complete . live european union provide vat invoice required law . agree invoice may electronic format . reserve right control regulate change remove virtual money virtual good without liability . ,spend money coin pokeballs . giving money back . want buy gold online . bad . oh eu give people refund right case . one . 
agree responsible conduct user content using service consequence thereof . please refer trainer guideline http pokemongo nianticlabs com support guideline en information kind conduct user content prohibited using service . way example limitation agree using service content defame abuse harass harm stalk threaten otherwise violate legal right including right privacy publicity others upload post email transmit otherwise make available unlawful inappropriate defamatory obscene pornographic vulgar offensive fraudulent false misleading deceptive content message promote engage discrimination bigotry racism hatred harassment individual group trespass manner attempt gain gain access property location right permission violate encourage conduct would violate applicable law regulation would give rise civil liability upload post otherwise make available commercial message advertisement pyramid scheme disruptive notice impersonate misrepresent affiliation another person entity promote provide instructional information illegal harmful activity substance promote engage physical harm violence injury group individual transmit virus worm defect trojan horse item destructive nature submit fake falsified misleading inappropriate data submission edits removal post upload publish submit transmit content infringes misappropriates violates third party patent copyright trademark trade secret moral right intellectual property right right publicity privacy use display mirror frame service individual element within service niantic name niantic trademark logo proprietary information layout design page form contained page without niantic express written consent access tamper use nonpublic area service niantic computer system technical delivery system niantic provider attempt probe scan test vulnerability niantic system network breach security authentication measure avoid bypass remove deactivate impair descramble otherwise circumvent technological measure implemented niantic niantic provider third party including another user protect service content attempt access search service content download content service use technology mean provided niantic generally available third party web browser including without limitation automation software bot spider crawler data mining tool hack tool agent engine device kind extract scrape index copy mirror service content portion thereof including limited pokéstop database information user gameplay use meta tag hidden text metadata utilizing niantic trademark logo url product name without niantic express written consent forge tcp ip packet header part header information email newsgroup posting way use service content send altered deceptive false source identifying information attempt decipher decompile disassemble reverse engineer software used provide service content interfere attempt interfere access user host network including without limitation sending virus overloading flooding spamming mail bombing service take action imposes may impose unreasonable disproportionately large load service niantic infrastructure delete obscure manner alter attribution warning link appears service content use service content portion thereof commercial purpose benefit third party manner permitted term including limited gathering app item resource sale outside app b performing service app exchange payment outside app c sell resell rent lease app account collect store personally identifiable information service user service without express permission violate applicable law regulation orencourage enable individual foregoing . although obligated monitor access use service content review edit content right purpose operating service ensure compliance term comply applicable law legal requirement . reserve right obligated remove disable access content time without notice including limited sole discretion consider content objectionable violation term . right investigate violation term conduct affect service . may also consult cooperate law enforcement authority prosecute user violate law . ,jerk . hack cheat . ban . also cooperate law enforcement . 
welcome feedback comment suggestion improvement service feedback . submit feedback reaching u facebook twitter google . grant u nonexclusive worldwide perpetual irrevocable fully paid royalty free sublicensable transferable license intellectual property right control use copy modify create derivative work based upon otherwise exploit feedback purpose . ,give u feedback whatever want . 
service app may contain link third party website resource . provide link convenience responsible content product service available website resource link displayed website . acknowledge sole responsibility assume risk arising use third party website resource . ,might link people website responsible . 
may terminate access use service sole discretion time without notice . may cancel account time accessing pokémon go help center available http pokemongo nianticlabs com support delete en . upon termination discontinuation cancellation service account following provision term survive arbitration notice content ownership right granted effect termination trading item virtual money virtual good feedback disclaimer warranty indemnity limitation liability dispute resolution general term sentence termination . ,terminate account access service time reason . 
use app service risk . extent permitted applicable law service content provided without warranty kind . without limiting foregoing niantic tpc tpci explicitly disclaim warranty merchantability fitness particular purpose quiet enjoyment non infringement warranty arising course dealing usage trade . niantic tpc tpci make warranty service meet requirement available uninterrupted secure error free basis make warranty regarding quality accuracy timeliness truthfulness completeness reliability content . assume risk relating online offline communication interaction user service person communicated interact result use service . understand niantic tpc tpci screen inquire background user service . niantic tpc tpci make representation warranty conduct user service . agree take reasonable precaution communication interaction user service person communicate interact result use service particularly decide meet offline person . ,lot yelling . oh responsible use service . 
indemnify hold harmless niantic tpc tpci respective officer director employee agent claim dispute demand liability damage loss cost expense including without limitation reasonable legal accounting fee arising way connected access use service content b user content c violation term . ,hold u accountable pay lawsuit . 
extent permitted applicable law neither niantic tpc tpci party involved creating producing delivering service content liable indirect incidental special punitive exemplary consequential damage including lost profit loss data goodwill service interruption computer damage system failure cost substitute service arising connection term use inability use service content communication interaction meeting user service person communicate interact result use service whether based warranty contract tort including negligence product liability legal theory whether niantic tpc tpci advised possibility damage even limited remedy set forth herein found failed essential purpose . jurisdiction allow exclusion limitation liability consequential incidental damage foregoing limitation liability shall apply fullest extent permitted law applicable jurisdiction event total liability niantic tpc tpci arising connection term use inability use service content exceed one thousand dollar 1 000. exclusion limitation damage set forth fundamental element basis bargain niantic . ,much law permit fault people lose money data . fault owe 1000 . 
governing lawthese term action related thereto governed law state california without regard conflict law provision . agreement arbitrateyou niantic agree dispute claim controversy arising relating term breach termination enforcement interpretation validity thereof use service content collectively dispute settled binding arbitration except party retains right bring individual action small claim court b seek injunctive equitable relief court competent jurisdiction prevent actual threatened infringement misappropriation violation party copyright trademark trade secret patent intellectual property right action described clause b ip protection action . without limiting preceding sentence also right litigate dispute provide niantic written notice desire email regular mail termsofservice nianticlabs com 2 bryant st ste . 220 san francisco ca 94105 within thirty 30 day following date first accept term notice arbitration opt notice . provide niantic arbitration opt notice within thirty 30 day period deemed knowingly intentionally waived right litigate dispute except expressly set forth clause b . exclusive jurisdiction venue ip protection action timely provide niantic arbitration opt notice state federal court located northern district california party hereto waif objection jurisdiction venue court . unless timely provide niantic arbitration opt notice acknowledge agree niantic waiving right trial jury participate plaintiff class member purported class action representative proceeding . unless niantic otherwise agree writing arbitrator may consolidate one person claim may otherwise preside form class representative proceeding . specific paragraph held unenforceable entirety dispute resolution section deemed void . except provided preceding sentence dispute resolution section survive termination term . arbitration rulesthe arbitration administered american arbitration association aaa accordance commercial arbitration rule supplementary procedure consumer related dispute aaa rule effect except modified dispute resolution section . aaa rule available www adr org arb_med calling aaa 1 800 778 7879. federal arbitration act govern interpretation enforcement section . arbitration processa party desire initiate arbitration must provide party written demand arbitration specified aaa rule . aaa provides general demand arbitration arbitrator either retired judge attorney licensed practice law selected party aaa roster arbitrator . party unable agree upon arbitrator within seven 7 day delivery demand arbitration aaa appoint arbitrator accordance aaa rule . arbitration location procedureunless niantic otherwise agree arbitration conducted county reside . claim exceed 10 000 arbitration conducted solely basis document niantic submit arbitrator unless request hearing arbitrator determines hearing necessary . claim exceeds 10 000 right hearing determined aaa rule . subject aaa rule arbitrator discretion direct reasonable exchange information party consistent expedited nature arbitration . arbitrator decisionthe arbitrator render award within time frame specified aaa rule . arbitrator decision include essential finding conclusion upon arbitrator based award . judgment arbitration award may entered court jurisdiction thereof . arbitrator award damage must consistent term limitation liability section type amount damage party may held liable . arbitrator may award declaratory injunctive relief favor claimant extent necessary provide relief warranted claimant individual claim . prevail arbitration entitled award attorney fee expense extent provided applicable law . niantic seek hereby waif right may applicable law recover attorney fee expense prevails arbitration . feesour responsibility pay aaa filing administrative arbitrator fee solely set forth aaa rule . however claim damage exceed 75 000 niantic pay fee unless arbitrator find either substance claim relief sought demand arbitration frivolous brought improper purpose measured standard set forth federal rule civil procedure 11 b changesnotwithstanding provision change term service section niantic change dispute resolution section date first accepted term accepted subsequent change term may reject change sending u written notice including email termsofservice nianticlabs com within 30 day date change became effective indicated last updated date date niantic email notifying change . rejecting change agreeing arbitrate dispute niantic accordance provision dispute resolution section date first accepted term accepted subsequent change term . ,issue term agree use independent party settle u instead suing u . really serious write u advance sue u . 
term action related thereto governed law state california without regard conflict law provision . term constitute entire exclusive understanding agreement niantic regarding service content term supersede replace prior oral written understanding agreement niantic regarding service content . provision term held invalid unenforceable either arbitrator appointed pursuant term dispute resolution section court competent jurisdiction timely opt arbitration sending u arbitration opt notice accordance term set forth provision enforced maximum extent permissible provision term remain full force effect . may assign transfer term operation law otherwise without niantic prior written consent . attempt assign transfer term without consent null . niantic may freely assign transfer term without restriction . subject foregoing term bind inure benefit party successor permitted assigns . notice communication provided niantic term including regarding modification term given via email b posting service . notice made email date receipt deemed date notice transmitted . niantic failure enforce right provision term considered waiver right provision . waiver right provision effective writing signed duly authorized representative niantic . except expressly set forth term exercise either party remedy term without prejudice remedy term otherwise . ,california governs term . let know make change term might forget enforce sometimes . 
question term service please contact niantic termsofservice nianticlabs com 2 bryant ste . 220 san francisco ca 94105 . ,termsofservice nianticlabs com . 
tldr permit access site subject term condition . please read term carefully . using site agree bound term condition agreement fossa inc delaware limited liability company tldr . need take action accept term must accept term wish exercise right granted herein access use site shall deemed assent term . agree term entitled use site . agreeing term behalf company legal entity represent authority bind entity affiliate user access site term case term shall refer entity affiliate user associated . authority agree term may use site . site provided tldr including limited located http tldrlegal com collectively together sub domain thereof information content service defined herein site site may include limited information created tldr offered tldr data collected public source content contributed third party user site . unless otherwise agreed writing tldr use site subject minimum term condition set forth herein . referred master term . addition use site content information service defined may also subject term legal notice applicable addition master term . term supplementing master term referred additional term . master term together additional term form binding legal agreement tldr . master term additional term applicable hereinafter collectively referred term tldr reserve right change term without notice . current version term reviewed clicking link link located site . please check term periodically see whether changed . use site post revised term accept change . ,using tldrlegal agree term . revise term . 
conditioned upon compliance term tldr grant limited personal nontransferable non sublicensable revocable license 1. access use site manner presented tldr 2. access use tldr computer network service offered within site tldr system manner expressly permitted tldr . except limited license tldr convey interest tldr system information data available via tldr system information content service website tldr property permitting access website . except extent required law expressly provided herein none content information may reverse engineered modified reproduced republished translated language computer language transmitted form mean resold redistributed without prior written consent tldr . may make sell offer sale modify reproduce display publicly perform import distribute retransmit otherwise use content way unless expressly permitted tldr e. expressly set forth term may copy modify publish transmit upload participate transfer sale reproduce create derivative work distribute perform display content site whole part without written permission tldr f. tldr intend site used anyone age 13. certify age majority jurisdiction 13 year old using site express consent parent legal guardian . agree post contribute personal information name address telephone number email address person age 13 site . g may time site available tldr reserve right interrupt discontinue modify limit suspend site storage availability content reason including material contributed . agree tldr liable change site content . h may access site automated mechanism including limited automated visit site automated query automated edits action programmatic access . content offered site property tldr third party protected copyright law including protection collective work compilation copyright law united state country . trademark tl dr llc trade tldrlegal trade tldr logo proprietary trademark service mark trade name tldr affiliate registered trademark trademark tldr . third party trademark remain property respective owner . distinctive brand feature site including limited domain name design organization artwork logo image trade dress property tldr agreement give right copy use feature site . download executable software site software material accompanying software software licensed tldr term associated end user license agreement . tldr transfer title software . tldr third party licensors retain full complete title software intellectual property right embodied . may redistribute sell decompile reverse engineer disassemble software . k content explicitly licensed tldr creative common attribution 3 0 license cc shall governed license unless otherwise marked . text cc license found http creativecommons org license 3 0 legalcode hereby incorporated term reference agree follow attribution requirement cc license applicable . tldr hereby designates tldr sole attribution party section 4 b cc license content . ensure use content includes visual display otherwise indicates source content originating site supplying content . indication may unobtrusive text string use logo name site unobtrusive clear visual indication . include near part internet use content hyperlink location within site present content . content may offered site term copyright license accompanying content . case may use content term license responsible use . agree abide license obligation restriction content access site . case site automatically collect data material third party site service . tldr may choose screen collected data . agree assume risk using content including limited risk arising source ownership accuracy completeness timeliness suitability intended purpose reliability . acknowledge tldr endorse content tldr guarantee content infringe right third party . circumstance tldr liable content including limited liability infringement error omission loss damage kind use content posted downloaded linked accessed otherwise made available site . l site may link material hosted third party independent site service internet . tldr responsible liable material tldr endorse sponsor . tldr reviewed material third party site make warranty representation material information product service offered third party . ,revoke service time . must ask u get permission using accessing data way clearly intended website . e g. scraping reselling reverse engineering copying redistributing data . 
c may use site personal use . permitted use content must include copyright notice originally included content copy display representation content form medium technology known later developed . represent company organization legal entity may use site internal business purpose . tldr welcome editorial use site content . journalist blogger commentator etc . may use content course writing editorial material . create editorial material using site content must follow applicable attribution requirement k content explicitly licensed tldr creative common attribution 3 0 license cc shall governed license unless otherwise marked . text cc license found http creativecommons org license 3 0 legalcode hereby incorporated term reference agree follow attribution requirement cc license applicable . tldr hereby designates tldr sole attribution party section 4 b cc license content . ensure use content includes visual display otherwise indicates source content originating site supplying content . indication may unobtrusive text string use logo name site unobtrusive clear visual indication . include near part internet use content hyperlink location within site present content . content may offered site term copyright license accompanying content . case may use content term license responsible use . agree abide license obligation restriction content access site . case site automatically collect data material third party site service . tldr may choose screen collected data . agree assume risk using content including limited risk arising source ownership accuracy completeness timeliness suitability intended purpose reliability . acknowledge tldr endorse content tldr guarantee content infringe right third party . circumstance tldr liable content including limited liability infringement error omission loss damage kind use content posted downloaded linked accessed otherwise made available site . ,may use tldr personal use internal business purpose . source information must include copyright notice give credit e. linkback . content licensed creative common attribution 3 0 cc . 
agree use site 1. try gain unauthorized access portion site system network connected tldr server content offered site circumventing site access control measure either hacking password mining mean 2. take action imposes unreasonable disproportionately large load infrastructure site tldr system network system network connected site tldr 3. post illegal material use site illegal activity 4. post use site distribute junk mail spam chain letter pyramid scheme phishing unsolicited advertising promotion material without significant value community designed drive traffic mask source deceive authorship distribute virus trojan malware whose purpose affiliate marketing 5. remove circumvent disable damage otherwise interfere feature site implement security usage limitation including part site robot txt api limitation mechanism 6. use mean damage deny use restrict others use site 7. post deceptive inaccurate material intended affect site analysis search algorithm game reputation scoring system part site engage activity website automatically accessed site part site normal operation intended solely affect site analysis 8. post libelous defamatory material intimidate harass others 9. engage identity theft infringe upon privacy others including phishing posting others personally identifying information possession attempting use another user account 10. falsify identity misrepresent affiliation another person entity 11. post transmit software exploit computer virus trojan software intended interrupt disrupt damage destroy limit function access computer software hardware telecommunication equipment otherwise interfere disrupt site internet post transmit material harmful threatening offensive hateful discriminatory obscene contrary applicable law regulation incites illegal act . usage site content violation term fraudulent illegal activity may result immediate suspension termination registered user account blocking access site without notice . without express written consent tldr may may authorize another party 1 frame utilize framing technique enclose portion aspect site content information 2 scrape actively dynamically use information data site 3. co brand site 4. link content information site another website 5. use content information site manner could cause impression third party tldr permitted use 6. use site content information material may constitute confused tldr design design element user interface copyright protectable work element 7 disguise origin information transmitted site . ,illegal shady stuff tldrlegal usage site brand way intended . 
condition using feature site tldr may require register account create user profile select user name password . agree provide tldr accurate complete identity information including email address agree update identity information promptly change . agree impersonate another person falsify identity use another user account otherwise take action gain access content right access use site way authorization . solely responsible activity take place authorization account . hereby release tldr liability arising activity . responsible maintaining security password . agree promptly inform tldr know suspect account password security breached . c tldr expressly disclaims liability arising revocation cancellation suspension account reason . account registration terminate immediately upon breach term . may terminate account participation registered user time without notice . tldr respect right privacy . tldr use personally identifying information collected site accordance tldr privacy policy located www tldrlegal com privacy . server certain personally identifiable information collected may located united state jurisdiction tldr may determine . ,responsible action tldr . terminate account breach term . 
site may offer opportunity contribute content contribution s. order make contribution site must registered account . owner contribution retains copyright right content . make contribution must right contribute contribution cc either ownership copyright contribution public domain license grant right consistent term . contribution protected copyright unless licensed cc license grant right contribute cc must provide contribution tldr . warrant represent assert right provide contribution contribution violates infringes right third party including copyright trademark privacy publicity personal proprietary right contribution constitute confidential trade secret information defamatory libelous unlawful . otherwise license copyrighted contribution way like . provide contribution site explicitly granting tldr license cc without regard license apply contribution . understand agree site content collective work compilation copyright law united state country site content constitute joint work copyright law . assert attempt assert right site content whole contribution . c hereby designate tldr contributor sole attribution party section 4 b cc license attribute contribution part collective content site . designation release tldr obligation specifically attribute contribution . understand cc license provide contribution allows tldr licensors use contribution purpose . e agree source code contribution project hosted site contributed subject posted license project . acknowledge responsible including copyright notice license contribution . fail include notice license assume risk failing including possible loss right contribution . f tldr may obligated review contribution . tldr may refuse accept delete contribution sole discretion tldr determines violate term illegal objectionable violate right threaten safety others deems fulfill purpose site reason . tldr may sole discretion terminate suspend registered account contribution violates term . acceptance contribution constitute endorsement sponsorship contribution tldr g. hereby grant tldr royalty free perpetual irrevocable worldwide non exclusive fully sub licensable right license intellectual property right term cc license reproduce modify adapt publish translate create derivative work distribute perform display use contribution whole part incorporate work form medium technology known later developed purpose providing site even event subsequently deleted contribution . agree alone responsible creating backup copy contribution . h delete contribution cc license provided contribution remain full force . delete contribution tldr warrant able take responsibility removing deleted contribution website including limited outside reasonable control including email archive wikis project web site community site others computer including others may forwarded contribution . ,must content contribute release cc term tldrlegal attribution party . simplicity people link back allow mention tldrlegal explicitly . tldr allowed publish adapt content . 
fullest extent permitted applicable law tldr offer site information content service make representation warranty kind concerning site information content service express implied statutory otherwise including without limitation warranty title merchantibility fitness particular purpose noninfringement . tldr warrant site information content service uninterrupted error free defect corrected tldr server free virus harmful component . tldr warrant make representation regarding use result use site information content service term accuracy reliability otherwise vii . limitation liability a. except extent required applicable law extent event tldr employee attorney manager officer director affiliate agent tldr party liable legal theory incidental direct indirect punitive actual consequential special exemplary damage including without limitation loss revenue income lost profit pain suffering emotional distress cost substitute good service damage suffered incurred third party arise connection site information content service termination thereof reason even tldr party advised possibility damage b. tldr party shall responsible liable whatsoever manner information content site service posted site including claim copyright patent trademark tradesecret infringement infringement property right relating content posted site provided service use site service conduct third party whether site connection site service otherwise relating site service c. tldr law firm provide legal advice . using site service including sending u email asking legal service otherwise create attorney client relationship . particular without limitation use tldr site service content information including without limitation tool summary license using license attribution generator result license comparison information material constitute legal advice create attorney client relationship . advised consult legal counsel using . agree tldr absolutely liability connection site content including without limitation liability damage computer hardware data information business resulting content available site . without limiting generality foregoing tldr liability 1. loss injury caused whole part action omission negligence including limited procuring compiling delivering site content 2. error omission inaccuracy content offered site regardless caused delay interruption delivery content 3. decision made action taken taken reliance upon content information material offered site . e tldr make warranty representation guarantee sequence accuracy timeliness completeness content content may relied upon reason . tldr make warranty representation guarantee content uninterrupted error free defect corrected . f tldr reserve right following time without notice modify suspend terminate operation access site portion site reason . viii . indemnityyou agree defend indemnify hold harmless tldr party liability including limited loss expense damage cost reasonable attorney fee resulting connection whether directly indirectly use site service content information violation term . also agree defend indemnify hold harmless tldr party claim brought third party arising use site contribution make available via site mean including without limitation posting link otherwise . tldr party may participate defense settlement expense counsel choosing . shall settle claim action without tldr party prior written consent . ,law firm liable content site offer warranty . 
minecraft end user licence agreementin order protect minecraft game member community need end user licence term set rule downloading using game . like rule tried keep short possible . break rule may stop using game . think necessary might even ask lawyer get touch . buy download use play game agreeing stick rule end user licence term eula . want agree rule must buy download use play game . eula incorporates term use mojang com website account term brand asset usage guideline privacy policy . agreeing eula also agree part three document please read carefully . ,using minecraft agree end user licence agreement . break rule might keep playing minecraft . 
one major rulethe one major rule must distribute anything made . distribute anything made mean give copy game away make commercial use try make money let people get access game part way unfair unreasonable . one major rule unless specifically agree brand asset usage guideline must give copy game anyone else make commercial use anything made try make money anything made orlet people get access anything made way unfair unreasonable crystal clear made includes limited client server software game . also includes modified version game part anything else made . otherwise quite relaxed fact really encourage cool stuff thing say . ,may give copy game anyone else try make money anything made . 
using gameyou bought game use computer . also give limited right thing draw line somewhere else people go far . wish make something pertaining anything made humbled please make sure interpreted official complies eula brand asset usage guideline make commercial use anything made . permission give use play game revoked break term eula buy game give permission install game personal computer use play computer set eula . permission personal allowed distribute game part anyone else . also mean sell rent game make available access people pas resell licence key . may however give gift code bought official gift code system . important help u stop piracy fraud protect game . also important prevent member community buying pirated version game fraudulent licence key may cancel case fraud . ,may use game computer may give gift code . 
bought game may play around modify . appreciate use griefing though remember distribute changed version software . basically mod plugins tool cool distribute hacked version game client server distribute . ,may mod game distribute hacked client . 
tool write game scratch belong . modification game mod including pre run mod memory mod plugins game also belong whatever want long sell money try make money . final say constitutes tool mod plugin . ,mod make belong sell . 
contentif make content available game must give u permission use copy modify adapt content . permission must irrevocable must also let u permit people use copy modify adapt content . want give u permission make content available game . please think carefully make content available made public might even used people way like . ,make stuff available game give u permission use change grant others permission . 
going make something available game must offensive people illegal must honest must creation . type thing must make available using game include post include racist homophobic language post bullying trolling post might damage another person reputation post include porn advertising someone else creation image post impersonate moderator try trick exploit people . ,thing make available game must offensive people illegal . 
content make available game must also creation . must make content available using game infringes right anyone else . post content game get challenged threatened sued someone content infringes person right may hold responsible mean may pay u back damage suffer result . therefore really important make content available created content created anyone else . ,anything make available game must work . 
liability . get copy game provide . update upgrade also provided . mean making promise standard quality game game uninterrupted error free loss damage cause . promise provide game service reasonable skill care even accept may release game well complete may often bug price pay getting early . law country say disclaim liability death personal injury caused negligence computer get stab something done wrong take hit . ,game provided update upgrade promised . 
termination . want terminate eula breach term . terminate time uninstall game computer eula terminated . eula terminated longer allowed play game . paragraph ownership game liability general stuff continue apply even eula terminated . ,terminate eula uninstalling game . 
acceptance using visiting youtube website youtube product software data feed service provided youtube website collectively service signify agreement 1 term condition term service 2 google privacy policy found http www youtube com privacy incorporated herein reference 3 youtube community guideline found http www youtube com community_guidelines also incorporated herein reference . agree term google privacy policy community guideline please use service . although may attempt notify major change made term service periodically review date version http www youtube com term . youtube may sole discretion modify revise term service policy time agree bound modification revision . nothing term service shall deemed confer third party right benefit . ,also accept google privacy policy youtube community guideline . may change term time . 
youtube account order access feature service create youtube google account . may never use another account without permission . creating account must provide accurate complete information . solely responsible activity occurs account must keep account password secure . must notify youtube immediately breach security unauthorized use account . although youtube liable loss caused unauthorized use account may liable loss youtube others due unauthorized use . ,lie create account . tell u immediately account compromised . 
general use service permission restrictionsyoutube hereby grant permission access use service set forth term service provided agree distribute medium part service content without youtube prior written authorization unless youtube make available mean distribution functionality offered service embeddable player agree alter modify part service . agree access content technology mean video playback page service embeddable player explicitly authorized mean youtube may designate . agree use service following commercial us unless obtain youtube prior written approval sale access service sale advertising sponsorship promotion placed within service content orthe sale advertising sponsorship promotion page ad enabled blog website containing content delivered via service unless material obtained youtube appears page sufficient value basis sale . prohibited commercial us include uploading original video youtube maintaining original channel youtube promote business artistic enterprise showing youtube video embeddable player ad enabled blog website subject advertising restriction set forth section 4 orany use youtube expressly authorizes writing . information constitutes prohibited commercial use see faq . use embeddable player website may modify build upon block portion functionality embeddable player including limited link back youtube website . use youtube uploader agree may automatically download install update time time youtube . update designed improve enhance develop uploader may take form bug fix enhanced function new software module completely new version . agree receive update permit youtube deliver part use uploader . agree use launch automated system including without limitation robot spider offline reader access service manner sends request message youtube server given period time human reasonably produce period using conventional line web browser . notwithstanding foregoing youtube grant operator public search engine permission use spider copy material site sole purpose solely extent necessary creating publicly available searchable index material cache archive material . youtube reserve right revoke exception either generally specific case . agree collect harvest personally identifiable information including account name service use communication system provided service e g comment email commercial solicitation purpose . agree solicit commercial purpose user service respect content . use service comply applicable law . youtube reserve right discontinue aspect service time . ,create youtube clone showing content especially earn money . please leave bot home . 
content provided . may access content information personal use solely intended provided functionality service permitted term service . shall download content unless see download similar link displayed youtube service content . shall copy reproduce distribute transmit broadcast display sell license otherwise exploit content purpose without prior written consent youtube respective licensors content . youtube licensors reserve right expressly granted service content . ,allowed download video . 
understand using service exposed content variety source youtube responsible accuracy usefulness safety intellectual property right relating content . understand acknowledge may exposed content inaccurate offensive indecent objectionable agree waive hereby waive legal equitable right remedy may youtube respect thereto extent permitted applicable law agree indemnify hold harmless youtube owner operator affiliate licensors licensee fullest extent allowed law regarding matter related use service . ,hold u liable video youtube . fault got sick following cooking video recipe . 
content conductas youtube account holder may submit content service including video user comment . understand youtube guarantee confidentiality respect content submit . shall solely responsible content consequence submitting publishing content service . affirm represent warrant necessary license right consent permission publish content submit license youtube patent trademark trade secret copyright proprietary right content publication service pursuant term service . clarity retain ownership right content . however submitting content youtube hereby grant youtube worldwide non exclusive royalty free sublicenseable transferable license use reproduce distribute prepare derivative work display perform content connection service youtube successor affiliate business including without limitation promoting redistributing part service derivative work thereof medium format medium channel . also hereby grant user service non exclusive license access content service use reproduce distribute display perform content permitted functionality service term service . license granted video content submit service terminate within commercially reasonable time remove delete video service . understand agree however youtube may retain display distribute perform server copy video removed deleted . license granted user comment submit perpetual irrevocable . agree content submit service contain third party copyrighted material material subject third party proprietary right unless permission rightful owner material otherwise legally entitled post material grant youtube license right granted herein . agree submit service content material contrary youtube community guideline currently found http www youtube com community_guidelines may updated time time contrary applicable local national international law regulation . youtube endorse content submitted service user licensor opinion recommendation advice expressed therein youtube expressly disclaims liability connection content . youtube permit copyright infringing activity infringement intellectual property right service youtube remove content properly notified content infringes another intellectual property right . youtube reserve right remove content without prior notice . ,responsible uploaded content . violate copyright law . community guideline define want submit . 
account termination policy youtube terminate user access service appropriate circumstance user determined repeat infringer . youtube reserve right decide whether content violates term service reason copyright infringement limited pornography obscenity excessive length . youtube may time without prior notice sole discretion remove content terminate user account submitting material violation term service . ,infringe copyright multiple time close account . violation community guideline may immediately . 
warranty disclaimer agree use service shall sole risk . fullest extent permitted law youtube officer director employee agent disclaim warranty express implied connection service use thereof . youtube make warranty representation accuracy completeness site content content site linked site assumes liability responsibility error mistake inaccuracy content ii personal injury property damage nature whatsoever resulting access use service iii unauthorized access use secure server personal information financial information stored therein iv interruption cessation transmission service iv bug virus trojan horse like may transmitted service third party v error omission content loss damage kind incurred result use content posted emailed transmitted otherwise made available via service . youtube warrant endorse guarantee assume responsibility product service advertised offered third party service hyperlinked service featured banner advertising youtube party way responsible monitoring transaction third party provider product service . purchase product service medium environment use best judgment exercise caution appropriate 10. limitation liabilityin event shall youtube officer director employee agent liable direct indirect incidental special punitive consequential damage whatsoever resulting error mistake inaccuracy content ii personal injury property damage nature whatsoever resulting access use service iii unauthorized access use secure server personal information financial information stored therein iv interruption cessation transmission service iv bug virus trojan horse like may transmitted service third party v error omission content loss damage kind incurred result use content posted emailed transmitted otherwise made available via service whether based warranty contract tort legal theory whether company advised possibility damage . foregoing limitation liability shall apply fullest extent permitted law applicable jurisdiction specifically acknowledge youtube shall liable content defamatory offensive illegal conduct third party risk harm damage foregoing rest entirely . ,warranty liable anything bad happens using youtube . 
12. ability accept term serviceyou affirm either 18 year age emancipated minor posse legal parental guardian consent fully able competent enter term condition obligation affirmation representation warranty set forth term service abide comply term service . case affirm age 13 service intended child 13. 13 year age please use service . lot great web site . talk parent site appropriate . ,must 13 year older . 
13. assignmentthese term service right license granted hereunder may transferred assigned may assigned youtube without restriction 14. generalyou agree service shall deemed solely based california ii service shall deemed passive website give rise personal jurisdiction youtube either specific general jurisdiction california . term service shall governed internal substantive law state california without respect conflict law principle . claim dispute youtube arises whole part service shall decided exclusively court competent jurisdiction located santa clara county california . term service together privacy notice http www youtube com privacy legal notice published youtube service shall constitute entire agreement youtube concerning service . provision term service deemed invalid court competent jurisdiction invalidity provision shall affect validity remaining provision term service shall remain full force effect . waiver term term service shall deemed continuing waiver term term youtube failure assert right provision term service shall constitute waiver right provision . youtube reserve right amend term service time without notice responsibility review term service change . use service following amendment term service signify assent acceptance revised term . youtube agree cause action arising related service must commence within one 1 year cause action accrues . otherwise cause action permanently barred . ,jurisdiction california . 
may use sdk purpose expressly permitted license agreement . except extent required applicable third party license may copy except backup purpose modify adapt redistribute decompile reverse engineer disassemble create derivative work sdk part sdk b load part sdk onto mobile handset hardware device except personal computer combine part sdk software distribute software device incorporating part sdk . ,hack sdk . 
agree take action may cause result fragmentation android including limited distributing participating creation promoting way software development kit derived sdk . ,fork sdk . 
agree form nature sdk google provides may change without prior notice future version sdk may incompatible application developed previous version sdk . agree google may stop permanently temporarily providing sdk feature within sdk user generally google sole discretion without prior notice . ,around ever . 
agree remove obscure alter proprietary right notice including copyright trademark notice may affixed contained within sdk . ,keep copyright trademark notice intact . 
agree use sdk write application purpose permitted license agreement b applicable law regulation generally accepted practice guideline relevant jurisdiction including law regarding export data software united state relevant country . ,stay within law license agreement . 
agree use sdk develop application protect privacy legal right user . user provide user name password login information personal information must make user aware information available application must provide legally adequate privacy notice protection user . application store personal sensitive information provided user must securely . user provide google account information application may use information access user google account limited purpose user given permission . ,protect user sensitive data adequate privacy notice . 
agree engage activity sdk including development distribution application interferes disrupts damage access unauthorized manner server network property service google third party . ,malware . 
agree responsible maintaining confidentiality developer credential may issued google may choose solely responsible application developed developer credential . ,keep password certificate safe . 
6 1 order continually innovate improve sdk google may collect certain usage statistic software including limited unique identifier associated ip address version number software information tool service sdk used used . information collected sdk notify seek consent . withhold consent information collected 6 2 data collected examined aggregate improve sdk maintained accordance google privacy policy located http www google com policy privacy . ,google collect stats analysis aggregated data . 
use api retrieve data google acknowledge data may protected intellectual property right owned google party provide data person company behalf . use api may subject additional term service . may modify rent lease loan sell distribute create derivative work based data either whole part unless allowed relevant term service . ,data provided google may protected . 
use api retrieve user data google acknowledge agree shall retrieve data user explicit consent limited purpose user given permission . ,get explicit consent want use user data . 
10 1 expressly understand agree use sdk sole risk sdk provided available without warranty kind google 10 2 use sdk material downloaded otherwise obtained use sdk discretion risk solely responsible damage computer system device loss data result use . without limiting foregoing understand sdk may contain error defect security vulnerability result significant damage including complete irrecoverable loss use computer system device . ,sdk provided use risk . 
google expressly disclaims warranty condition kind whether express implied including limited implied warranty condition merchantability fitness particular purpose non infringement . ,come warranty . 
maximum extent permitted law agree defend indemnify hold harmless google affiliate respective director officer employee agent claim action suit proceeding well loss liability damage cost expense including reasonable attorney fee arising accruing use sdk b application develop sdk infringes intellectual property right person defames person violates right publicity privacy c non compliance license agreement . ,blame google . 
export restriction . sdk subject united state export law regulation . must comply domestic international export law regulation apply sdk . law include restriction destination end user end use . ,export restriction apply . 
agree comply google platform developer policy set forth athttp developer google com policy google play content policy set forth http play google com developer content policy html url google may provide purpose time time content api client including content supplied user content provider must follow google user content conduct policy http www google com intl en policy content html . ,must also abide developer content user content policy also . 
may use user data apis advertising purpose unless explicitly authorized google ii using advertising solution google provides purpose . may may permit third party sell transmit user data received apis including anonymized aggregate derivative data third party ad network service data broker advertising marketing provider . ,use data advertising google advert allowed . 
notwithstanding foregoing section b 1 google platform developer policy provided operate ad network may use user data apis target ad within api client sold ad slot advertiser directly directly sold ad may make anonymized user data apis available third party solely enable third party serve directly sold ad api client . ,ad network sell ad direct client use data target ad . 
third party advertising api client provided google advertising solution must use approved third party ad serving 3pas provider subject google current 3pas policy http adwords google com support aw bin answer py hl en answer 94230 . ,use third party advertising must 3pas compliant . 
shall permit api client submit false gameplay information invalid score user leaderboard achievement user earn google . shall permit api client send accept invite multiplayer game including automatching request take turn without explicit action request user . ,allow user fake score . multiplayer invite . 
api client use avatar naming system place user google identity must make clear user gameplay information still submitted google associated google identity viewable within different google product . ,using avatar usernames tell user g identity still used google . 
shall permit api client reveal user google identity user multiplayer match player automatically matched using google play game . ,reveal g identity user auto matched . 
indemnification provision section 9 api tos deleted entirety replaced following agree hold harmless indemnify google subsidiary affiliate officer agent employee partner third party claim arising way related misuse google play game servicesyour violation term orany third party misuse google play game service action would constitute violation term provided enabled third party access apis failed take reasonable step prevent third party accessing apis including liability expense arising claim loss damage actual consequential suit judgment litigation cost attorney fee every kind nature . case google provide written notice claim suit action . ,blame google . 
goal deliver advertising commercial sponsored content valuable user advertiser . order help u agree following give u permission use name profile picture content information connection commercial sponsored related content brand like served enhanced u . mean example permit business entity pay u display name profile picture content information without compensation . selected specific audience content information respect choice use . give content information advertiser without consent . understand may always identify paid service communication . ,facebook use stuff reason want without paying advertising particular . 
content information post facebook control shared privacy application setting . addition content covered intellectual property right like photo video ip content specifically give u following permission subject yourprivacy application setting grant u non exclusive transferable sub licensable royalty free worldwide license use ip content post connection facebook ip license . ip license end delete ip content account unless content shared others deleted . delete ip content deleted manner similar emptying recycle bin computer . however understand removed content may persist backup copy reasonable period time available others use application application may ask permission access content information well content information others shared . require application respect privacy agreement application control application use store transfer content information . learn platform including control information people may share application read data use policy platform page . publish content information using public setting mean allowing everyone including people facebook access use information associate e name profile picture . ,facebook use stuff post connection facebook intellectual property right . facebook loses right stuff delete account long others shared without later deleting stuff . publishing stuff using public setting give everyone else right stuff . 
include social plugins share like button website following additional term apply give permission use facebook social plugins user post link content website facebook . give u permission use allow others use link content facebook . place social plugin page containing content would violate statement posted facebook . ,use facebook plugins page stuff page violates term . 
facebook user provide real name information need help keep way . commitment make u relating registering maintaining security account provide false personal information facebook create account anyone without permission . create one personal account . disable account create another one without permission . use personal timeline primarily commercial gain use facebook page purpose . use facebook 13 use facebook convicted sex offender . keep contact information accurate date . share password case developer secret key let anyone else access account anything else might jeopardize security account . transfer account including page application administer anyone without first getting written permission . select username similar identifier account page reserve right remove reclaim believe appropriate trademark owner complains username closely relate user actual name . ,fake personal info create new account facebook disables use personal facebook business 13 convicted sex offender transfer account without permission . one personal account keep contact information accurate . 
developer operator platform application website following additional term apply responsible application content us make platform . includes ensuring application use platform meet facebook platform policy advertising guideline . access use data receive facebook limited follows request data need operate application . privacy policy tell user user data going use use display share transfer data include privacy policy url developer application . use display share transfer user data manner inconsistent privacy policy . delete data receive u concerning user user asks provide mechanism user make request . include data receive u concerning user advertising creative . directly indirectly transfer data receive u use data connection ad network ad exchange data broker advertising related toolset even user consent transfer use . sell user data . acquired merge third party continue use user data within application transfer user data outside application . require delete user data use way determine inconsistent user expectation . limit access data . comply restriction contained facebook platform policy . give u information independently collect user user content without user consent . make easy user remove disconnect application . make easy user contact . also share email address user others claiming infringed otherwise violated right . provide customer support application . show third party ad web search box www facebook com . give right necessary use code apis data tool receive u . sell transfer sublicense code apis tool anyone . misrepresent relationship facebook others . may use logo make available developer issue press release public statement long follow facebook platform policy . issue press release describing relationship . comply applicable law . particular applicable policy removing infringing content terminating repeat infringers complies digital millennium copyright act comply video privacy protection act vppa obtain opt consent necessary user user data subject vppa may shared facebook . represent disclosure u incidental ordinary course business . guarantee platform always free . give u right necessary enable application work facebook including right incorporate content information provide u stream timeline user action story . give u right link frame application place content including ad around application . analyze application content data purpose including commercial targeting delivery advertisement indexing content search ensure application safe user audit . create application offer similar feature service otherwise compete application . ,develop anything using facebook tool must privacy policy let user delete data . let facebook analyze anything stuff purpose let build competing application . sell user data use way determine inconsistent user expectation . 
best keep facebook safe guarantee . need help keep facebook safe includes following commitment post unauthorized commercial communication spam facebook . collect user content information otherwise access facebook using automated mean harvesting bot robot spider scraper without prior permission . engage unlawful multi level marketing pyramid scheme facebook . upload virus malicious code . solicit login information access account belonging someone else . bully intimidate harass user . post content hate speech threatening pornographic incites violence contains nudity graphic gratuitous violence . develop operate third party application containing alcohol related dating mature content including advertisement without appropriate age based restriction . follow promotion guideline applicable law publicize offer contest giveaway sweepstakes promotion facebook . use facebook anything unlawful misleading malicious discriminatory . anything could disable overburden impair proper working appearance facebook denial service attack interference page rendering facebook functionality . facilitate encourage violation statement policy . respect people right expect . post content take action facebook infringes violates someone else right otherwise violates law . remove content information post facebook believe violates statement policy . provide tool help protect intellectual property right . learn visit report claim intellectual property infringement page . remove content infringing someone else copyright believe removed mistake provide opportunity appeal . repeatedly infringe people intellectual property right disable account appropriate . use copyright trademark including facebook facebook f logo fb face poke book wall confusingly similar mark except expressly permitted brand usage guideline prior written permission . collect information user obtain consent make clear facebook one collecting information post privacy policy explaining information collect use . post anyone identification document sensitive financial information facebook . tag user send email invitation non user without consent . facebook offer social reporting tool enable user provide feedback tagging . ,break detailed list rule . basically anything negatively impact facebook platform community . 
thanks using dropbox . term service term cover use access service client software website service provided dropbox inc privacy policy explains collect use information acceptable use policy outline responsibility using service . using service agreeing bound term review privacy acceptable use policy . using service organization agreeing term behalf organization . ,accepting term also agree privacy acceptable use policy linked right . 
use service provide u thing like file content email message contact stuff . stuff . term give u right stuff except limited right enable u offer service . need permission thing like hosting stuff backing sharing ask u . service also provide feature like photo thumbnail document preview email organization easy sorting editing sharing searching . feature may require system access store scan stuff . give u permission thing permission extends trusted third party work . ,dropbox along third party allowed access scan store duplicate content put service . 
responsible conduct stuff must comply acceptable use policy . content service may protected others intellectual property right . please copy upload download share content unless right . may review conduct content compliance term acceptable use policy . said obligation . responsible content people post share via service . please safeguard password service make sure others access keep account information current . finally service intended may used people age 13. using service representing u 13 respect intellectual property others ask . respond notice alleged copyright infringement comply law notice reported using dmca process . reserve right delete disable content alleged infringing terminate account repeat infringers . designated agent notice alleged copyright infringement service . ,respect content others via acceptable use policy responsible content share . dropbox liable stuff post site remove copyright infringing material . also must 13 . 
billing . increase storage space add paid feature account turning account paid account . automatically bill date convert paid account periodic renewal cancellation . responsible applicable tax charge tax required . refund . may cancel dropbox paid account time issued refund . downgrade . paid account remain effect cancelled terminated term . pay paid account time reserve right suspend reduce storage free space level . responsible tax may charge tax required . change . may change fee effect give advance notice change via message email address associated account . ,responsible pay bill entitled refund late payment dropbox suspend reduce storage account . also change pricing email . 
free stop using service time . also reserve right suspend end service time discretion without notice . example may suspend terminate use service complying term use service manner would cause u legal liability disrupt service disrupt others use service . except paid account reserve right terminate delete account accessed service 12 consecutive month . course provide notice via email address associated account . ,dropbox end service time without notice . free account delete account used dropbox 12 month . email . 
ownership site agreement term usethese term condition use term use apply apple web site located www apple com associated site linked www apple com apple subsidiary affiliate including apple site around world collectively site . site property apple inc apple licensors . using site agree term use agree use site apple reserve right sole discretion change modify add remove portion term use time . responsibility check term use periodically change . continued use site following posting change mean accept agree change . long comply term use apple grant personal non exclusive non transferable limited privilege enter use site . ,term apply www apple com owned apple . use website agree term use site . apple may change term time responsibility check change continued use site mean agree change . 
apple privacy policy applies use site term made part term use reference . view apple privacy policy click . additionally using site acknowledge agree internet transmission never completely private secure . understand message information send site may read intercepted others even special notice particular transmission example credit card information encrypted . ,apple privacy policy applies site term part term . acknowledge agree internet never completely private secure message information sent website may read intercepted others . 
agree indemnify hold apple officer director shareholder predecessor successor interest employee agent subsidiary affiliate harmless demand loss liability claim expense including attorney fee made apple third party due arising connection use site . ,agree compensate apple harm loss hold apple people associated harmless demand loss responsibility claim expense made due use website . 
apple administers operates www apple com site location cupertino california usa apple site may administered operated various location outside united state . although site accessible worldwide feature product service discussed referenced provided offered site available person geographic location appropriate available use outside united state . apple reserve right limit sole discretion provision quantity feature product service person geographic area . offer feature product service made site void prohibited . choose access site outside united state initiative solely responsible complying applicable local law . ,apple product service available everyone location . apple may limit product service person area . product service available prohibited law . responsible complying local law accessing website outside u . 
feedback provide site shall deemed non confidential . apple shall free use information unrestricted basis . ,apple may use feedback without restriction e g. share publicly . 
